date,temperature,rainfall
2015-01-01,25.637639103095374,7.876384282908511
2015-01-02,26.54120948575289,33.38669476949047
2015-01-03,25.853313187806986,39.99459523294949
2015-01-04,19.924307496540955,18.360972743264238
2015-01-05,22.9291931651875,87.67771090609274
2015-01-06,24.440824123226115,13.982651456257155
2015-01-07,25.937003165215856,98.67208316961288
2015-01-08,28.722913952153835,55.38465933847914
2015-01-09,22.752752840067664,87.09647677190951
2015-01-10,26.022110605897282,78.96009996847155
2015-01-11,29.766048171438605,42.82539191505707
2015-01-12,27.37769726397058,93.73568912383911
2015-01-13,32.661533141168796,70.56005865976164
2015-01-14,25.260183893292506,44.11764348732454
2015-01-15,26.68087901786523,84.83096220216105
2015-01-16,26.081490086937414,2.129590212073229
2015-01-17,28.22474481999729,58.324826655455475
2015-01-18,29.248106049975053,18.719517159673327
2015-01-19,26.203790019514564,85.2774126194416
2015-01-20,25.741809120283847,55.595568721848906
2015-01-21,30.457036305829934,78.40733632117602
2015-01-22,32.31174527926609,87.97884221654053
2015-01-23,27.2706740460199,60.19968934628378
2015-01-24,26.560910353162985,74.21527862003893
2015-01-25,29.002202083742976,94.52112903625357
2015-01-26,30.054577221877043,3.8422976135948805
2015-01-27,29.404152040576772,58.20552783651243
2015-01-28,27.380762435588966,65.31283136921388
2015-01-29,30.54592038491087,36.48365773799465
2015-01-30,28.532751797367816,64.31787385175232
2015-01-31,28.466256528065696,31.887084754986606
2015-02-01,29.541514231572286,3.308955520193735
2015-02-02,28.338663023995764,88.27482790784052
2015-02-03,30.23300460991134,82.35897939185041
2015-02-04,31.14626772492032,55.52357283560533
2015-02-05,28.441653671730343,64.23063936378905
2015-02-06,35.63272838574761,37.91934947896658
2015-02-07,34.481627745227065,7.273459937300242
2015-02-08,30.92655747828421,27.29318839388667
2015-02-09,27.029483468185845,6.129470674176374
2015-02-10,31.642172455020695,1.1931058301870912
2015-02-11,31.498484201352404,41.91699455678693
2015-02-12,32.931887938404984,43.87415092931628
2015-02-13,35.7141784005963,82.13044265525899
2015-02-14,27.261396975808992,14.259207542842589
2015-02-15,29.166694961148988,77.38621791464678
2015-02-16,28.09919263723779,96.25393375678115
2015-02-17,31.992702421026504,65.72773782499547
2015-02-18,33.73169461259637,5.5475677948504165
2015-02-19,31.257667182585738,2.412832760049921
2015-02-20,29.856722317576736,53.82703801471806
2015-02-21,31.817657100038563,41.32672037843419
2015-02-22,34.188691202808876,43.41786602269929
2015-02-23,36.041647797162916,85.17520858648888
2015-02-24,34.67080418100403,94.39039738379277
2015-02-25,30.88098927839147,77.97749501815653
2015-02-26,33.588045317668346,80.30104151686912
2015-02-27,35.135241133316306,74.31311063663748
2015-02-28,33.950684979050195,27.67003273152959
2015-03-01,36.05045605138862,34.60179622701608
2015-03-02,34.06615446002768,64.2196565296171
2015-03-03,30.201521851961306,1.3174791305045952
2015-03-04,38.12167830096892,31.60302325684803
2015-03-05,34.62832763138068,16.275202004041354
2015-03-06,34.9868068168349,79.24755749900224
2015-03-07,29.230135054344423,88.79337923396822
2015-03-08,36.50269004696789,83.73640850787622
2015-03-09,29.5349304755885,62.27239437186596
2015-03-10,36.22934448938444,66.19543538533634
2015-03-11,30.99295076409335,79.43935584727328
2015-03-12,31.704526214472917,18.708876529020934
2015-03-13,37.13490516542648,89.86355487192712
2015-03-14,32.83280816236178,98.44702243124779
2015-03-15,33.704925009975916,22.011289386551823
2015-03-16,34.78219658811992,42.828285823227375
2015-03-17,33.78487764027877,98.79603560551772
2015-03-18,34.68169380287878,10.433320752165798
2015-03-19,38.83645224830194,13.654888568478485
2015-03-20,33.46389045935491,37.03523114574223
2015-03-21,31.46566141090622,26.771237228636792
2015-03-22,35.97267543134117,14.572045869392214
2015-03-23,35.969380071967954,28.851558626951967
2015-03-24,34.13104576786257,66.79249874352895
2015-03-25,35.296541168195915,29.57101468388499
2015-03-26,38.88804464246043,3.90359400769833
2015-03-27,34.668498623358936,37.65458873971287
2015-03-28,34.21664149270993,7.147574903642562
2015-03-29,34.27630574826847,98.64412182640496
2015-03-30,37.25315489591399,41.29477367659062
2015-03-31,34.55648491550258,2.3646829572563366
2015-04-01,35.69200284216993,89.6294819224976
2015-04-02,34.77916394128134,97.18545252139803
2015-04-03,36.70340271614228,27.415670102617085
2015-04-04,35.259267383984074,40.813333063046606
2015-04-05,36.615247693514796,95.29657207371999
2015-04-06,34.734658248950645,5.989605726045233
2015-04-07,32.45565916978343,65.61937616021515
2015-04-08,34.096360990150345,71.05587073807985
2015-04-09,32.70534550894099,16.25777117499564
2015-04-10,33.80603541409235,49.480837756575525
2015-04-11,32.18167878086832,24.141690965636208
2015-04-12,35.457881147627724,75.93061638573485
2015-04-13,35.521502986173815,20.911086203790706
2015-04-14,34.45067806421599,20.455965273975675
2015-04-15,34.16120655962803,80.98204738066151
2015-04-16,37.17258547112005,21.717045380604283
2015-04-17,32.918213526575045,4.782506229608097
2015-04-18,32.90548134051341,21.11797457184642
2015-04-19,40.64365799443346,25.201760410513575
2015-04-20,36.25021719100111,67.16874177171339
2015-04-21,34.61277153961848,11.393302391042216
2015-04-22,33.70911663765456,95.82285330093565
2015-04-23,35.59068566820608,90.64914688156628
2015-04-24,34.874186322138605,64.67531471458507
2015-04-25,34.476395853140296,46.0060570094423
2015-04-26,32.31073302475504,28.51309314669456
2015-04-27,31.379808237420885,16.67968916885477
2015-04-28,31.297562973040385,95.42261028994166
2015-04-29,34.64209583135868,91.6729026185538
2015-04-30,35.709034793221214,73.35550564409654
2015-05-01,32.23571824385936,35.8135200766037
2015-05-02,34.13127996970095,5.722187368451825
2015-05-03,33.75065946693589,74.86442500859144
2015-05-04,34.057493566091956,24.680889355441803
2015-05-05,33.95441717729138,41.779719646575465
2015-05-06,32.79793517491385,94.27649786738331
2015-05-07,29.012170772304934,65.54782921052576
2015-05-08,36.07914436383771,33.95077888709566
2015-05-09,32.77665849929143,92.91447582544478
2015-05-10,32.619134589338245,80.67247437486041
2015-05-11,33.81705939309014,88.02315634403377
2015-05-12,33.352543155128856,7.654680292809046
2015-05-13,30.46508281190793,43.125777453089285
2015-05-14,33.08743644772005,74.57375606049975
2015-05-15,30.22482732864899,95.1489382292889
2015-05-16,32.54882100498239,69.40126085601209
2015-05-17,33.88201111384991,83.35774967887191
2015-05-18,32.253950814941696,75.74926268704738
2015-05-19,33.65312504744865,5.446352184678316
2015-05-20,31.196187386614056,47.52837349879271
2015-05-21,31.994753499386434,49.51985876944727
2015-05-22,30.05565382613475,70.62228356205638
2015-05-23,31.404936741835986,44.606967027991594
2015-05-24,26.51785872355165,54.61926206528281
2015-05-25,30.291984229342482,42.521461181091944
2015-05-26,32.35983231786093,86.68676986876142
2015-05-27,31.83312087786362,63.60276260151889
2015-05-28,29.99314260825264,16.689630423277357
2015-05-29,29.738864342404394,5.958691912765401
2015-05-30,30.70168937809718,50.2203274762056
2015-05-31,29.32439911674221,13.563758235292001
2015-06-01,30.892478212010584,18.677285974534485
2015-06-02,26.716061575421126,96.92960683928811
2015-06-03,29.709403392201995,7.312643757256754
2015-06-04,27.55659612155083,45.43632861805229
2015-06-05,30.02744872384635,61.07171925915089
2015-06-06,27.815421235646426,41.88266873798692
2015-06-07,27.25539265998528,9.033417628949413
2015-06-08,30.26592143078815,5.683933743635627
2015-06-09,27.725813223976697,64.2345021767895
2015-06-10,32.45421341164518,79.40512245385908
2015-06-11,28.317368259028072,29.907327020327003
2015-06-12,26.358701719032872,67.55372997222612
2015-06-13,27.96615228162452,54.506942110898606
2015-06-14,30.128974257983018,17.43978068967612
2015-06-15,25.281015902771294,50.828256516021476
2015-06-16,27.02044666415453,20.306424225315943
2015-06-17,24.215631449370473,31.556174423046134
2015-06-18,30.073593476623277,43.34307388514419
2015-06-19,26.726319693940944,81.50918476386231
2015-06-20,28.846212152406082,59.315928105859214
2015-06-21,28.017807147258807,51.46409062739883
2015-06-22,27.136786114053567,93.20199788952284
2015-06-23,26.29509208247427,91.60811808016328
2015-06-24,27.932493533456462,65.98947962773762
2015-06-25,23.62646780930161,92.3164506657292
2015-06-26,29.478907735358252,71.87714349272765
2015-06-27,21.62680924687835,98.69283913280914
2015-06-28,24.894975547083202,78.97061683363206
2015-06-29,25.75455975934229,59.6989953239971
2015-06-30,23.3290676888736,56.87107042131843
2015-07-01,24.866383327831727,45.31038705514426
2015-07-02,25.409567900348506,34.662204263026496
2015-07-03,26.78583304885979,99.27988637263438
2015-07-04,22.71227832084475,71.64446575012086
2015-07-05,21.643877028290223,31.94679876360397
2015-07-06,22.793215534924624,45.42015792042158
2015-07-07,24.97585624314525,7.758477115506047
2015-07-08,22.293558046145137,35.752646917619835
2015-07-09,23.14953652295246,30.053384225391355
2015-07-10,25.647988924163485,15.471938080565861
2015-07-11,24.55882138677213,30.33295359199011
2015-07-12,24.982572337961145,19.1418581714367
2015-07-13,19.724181320505334,77.64979850728105
2015-07-14,23.34894347340922,66.32270118882356
2015-07-15,25.316223492057496,57.61440149752166
2015-07-16,24.00866482297295,97.57368216549487
2015-07-17,21.450246391328946,77.32975827492247
2015-07-18,21.72505794437135,76.26876133864461
2015-07-19,19.998340911715513,30.48712554216865
2015-07-20,21.744132521127078,28.627003395605588
2015-07-21,21.6173009169942,86.01476262617612
2015-07-22,22.009798555298925,8.784633362774219
2015-07-23,22.682222687537713,33.005457905492484
2015-07-24,19.36169588521896,85.42279008154388
2015-07-25,22.137677981286494,90.46147549722309
2015-07-26,21.919827376249472,29.518900428810024
2015-07-27,20.410846880261612,13.188826092656946
2015-07-28,18.678583959118022,17.50436574682658
2015-07-29,22.829503487887674,0.22204846953324253
2015-07-30,17.668235877384536,49.536532247209344
2015-07-31,17.71321920239993,45.65213121411349
2015-08-01,20.346782036917286,86.96275359418128
2015-08-02,18.936281604390555,65.35071619787647
2015-08-03,22.659557179797147,6.171825245674178
2015-08-04,20.189093523494716,73.44096771123074
2015-08-05,19.715827345101307,65.5191121982931
2015-08-06,21.070682020797147,6.539686199395356
2015-08-07,24.507544552034783,67.70255336264162
2015-08-08,20.404033612740104,40.691980204042366
2015-08-09,17.778271341235016,63.44719471986898
2015-08-10,16.003593762371853,75.18865636393215
2015-08-11,16.613096189235804,8.591405965544997
2015-08-12,16.26976373870135,66.40979839524367
2015-08-13,24.767174800007677,67.51445344847758
2015-08-14,18.702679619502366,57.77793541868637
2015-08-15,18.15693605308256,60.58487294836298
2015-08-16,16.485146527544153,83.81777966443319
2015-08-17,18.983847681311875,74.16336191341514
2015-08-18,19.01381547268181,51.77095753569817
2015-08-19,17.986912054034747,16.918461290161357
2015-08-20,19.42454743201906,99.00610885895668
2015-08-21,17.35066570425345,4.3707970097271565
2015-08-22,19.172454958125837,19.225890815150247
2015-08-23,16.864857409166355,13.60223648673059
2015-08-24,16.46991830196279,90.18124719440465
2015-08-25,16.72377474038749,19.302054845434903
2015-08-26,14.236919943342837,26.73172204635921
2015-08-27,16.783366622076837,9.313848166621908
2015-08-28,18.508937989253145,56.70312092420357
2015-08-29,15.680374729332891,10.512526629142549
2015-08-30,16.145947098875137,61.84238670865801
2015-08-31,17.009063844415078,28.069112869585343
2015-09-01,15.786206974042027,24.786126936693343
2015-09-02,16.67662360747763,23.068108565733446
2015-09-03,15.92848056461239,45.91409960305182
2015-09-04,12.12655514130956,97.09849208098952
2015-09-05,21.06518284046929,35.04972651432057
2015-09-06,17.60664312986787,53.7720363979768
2015-09-07,16.052335570894446,23.72623903413689
2015-09-08,15.683036628392662,19.16383747168745
2015-09-09,17.78205738068356,66.66484099616507
2015-09-10,13.754499564824746,37.237983432528225
2015-09-11,16.055902240378657,42.718088718583566
2015-09-12,14.161899754127035,3.4431552731234105
2015-09-13,13.649225405705433,28.078049306133867
2015-09-14,15.868266946502017,51.44528106859397
2015-09-15,16.732907488439984,96.28584338277422
2015-09-16,17.84759085109366,12.176554032288166
2015-09-17,13.964610641430923,51.87916455208579
2015-09-18,16.61426717127982,54.290388021847704
2015-09-19,18.54585195330342,82.19183277102331
2015-09-20,16.94175995999738,92.01919082041269
2015-09-21,16.67871631891416,72.43148841312296
2015-09-22,15.155137483004175,71.83519102760756
2015-09-23,16.907880387235853,9.713277163617306
2015-09-24,16.12236936449598,60.03555479162603
2015-09-25,16.869946511126148,56.42271868297111
2015-09-26,11.537075387874033,43.14199645798544
2015-09-27,12.449503763883062,19.179884895376674
2015-09-28,15.208020139664972,99.03869638037467
2015-09-29,14.553490343059716,49.82085769313584
2015-09-30,15.066186140879646,31.41592824395615
2015-10-01,13.340039080510438,69.84383901168863
2015-10-02,13.314660826294206,66.76233129443094
2015-10-03,13.066132807731787,87.72329147822192
2015-10-04,13.614712647654988,39.27479712444485
2015-10-05,17.1731296772109,7.373710380545062
2015-10-06,17.326018801625253,93.1421989844741
2015-10-07,13.989892608096602,49.016522630916946
2015-10-08,15.755103725176188,26.35200018171686
2015-10-09,16.81272770103489,47.543486617106076
2015-10-10,13.974434298086372,83.48642176380613
2015-10-11,14.732508898775295,64.52833529534162
2015-10-12,12.903573510522193,36.70771706436241
2015-10-13,16.456972414153345,12.71708245012384
2015-10-14,16.082606548765977,73.83368029547559
2015-10-15,16.176864558613868,58.98289471864526
2015-10-16,14.394621368436226,26.989861145978033
2015-10-17,11.981795515264807,30.375107326546026
2015-10-18,13.441843709448705,82.62370167105027
2015-10-19,15.090855228014318,98.27735466375223
2015-10-20,15.381636800785014,66.0674588829115
2015-10-21,14.30935932433481,59.39335331416776
2015-10-22,14.167418421243017,65.9071547107554
2015-10-23,17.839710690863257,93.45204295040898
2015-10-24,14.451539828607414,8.489727050317263
2015-10-25,17.65270508839399,61.41313483089923
2015-10-26,16.00478801567864,37.078708644024786
2015-10-27,19.280140995420158,16.828505018287508
2015-10-28,18.784002695881156,81.9316118887894
2015-10-29,13.458231344663957,11.205084794082875
2015-10-30,18.26831321487718,4.798697952076447
2015-10-31,17.51922783071563,62.961608241761255
2015-11-01,15.777089454011666,17.584049227827126
2015-11-02,18.820284022904595,43.586501869565566
2015-11-03,16.476171229896163,47.16523536547924
2015-11-04,17.074036123204056,47.275292329893205
2015-11-05,16.98711873845595,43.42358579346467
2015-11-06,18.899809634990024,19.937894923850795
2015-11-07,15.472308904924324,3.9458214790192736
2015-11-08,19.562501950920552,4.012815109423828
2015-11-09,15.27225477899233,52.48068679809581
2015-11-10,18.012929966206798,40.95193053609072
2015-11-11,20.131425256198977,82.8496041048951
2015-11-12,16.552972021757924,59.25302242453928
2015-11-13,17.11009999003192,47.38635777794131
2015-11-14,22.028383115351726,41.848821806776535
2015-11-15,16.41339151399081,63.730921375787595
2015-11-16,18.65462156864797,57.969303207754265
2015-11-17,16.933637849594046,8.320339473196647
2015-11-18,16.206712464391373,86.94240684479807
2015-11-19,16.658966727026783,52.80993558984347
2015-11-20,18.43312881371331,30.75622295520398
2015-11-21,12.4543344525622,31.817661194806767
2015-11-22,14.496983152708118,60.40918741663146
2015-11-23,15.832031057501279,73.16417010632858
2015-11-24,19.49039860591109,32.625924154208974
2015-11-25,20.097717213318244,91.35891665120539
2015-11-26,21.812278909232848,62.5234783949109
2015-11-27,19.844749562651344,88.45664125432248
2015-11-28,19.917928263563027,67.70463715608638
2015-11-29,20.577748265774225,30.441188822637233
2015-11-30,19.256306994376864,32.063237258168165
2015-12-01,20.970127282596792,41.22737391981275
2015-12-02,17.932111610402263,4.212361997355297
2015-12-03,21.350858335450283,96.3096902576892
2015-12-04,18.83227900679348,90.13663522550323
2015-12-05,23.551196326563446,74.97437226756368
2015-12-06,17.250360376395744,44.296115514093394
2015-12-07,23.811151421427304,93.25219753591047
2015-12-08,21.591018763830956,52.6855135167128
2015-12-09,20.295851191227392,55.37677833773535
2015-12-10,21.465895011560598,47.83009462770964
2015-12-11,20.22290008212476,78.10804859903521
2015-12-12,26.53012557300724,62.21144113378105
2015-12-13,20.90279446704335,45.128098842711175
2015-12-14,21.13857905960148,31.735005276945405
2015-12-15,21.173192811375056,29.16306289927769
2015-12-16,21.09963657911853,60.606912410611635
2015-12-17,19.899128423973742,90.71284928997791
2015-12-18,23.424205821491363,53.27171633235326
2015-12-19,18.00590063792594,94.47199035771851
2015-12-20,24.177678328169826,14.90118074079021
2015-12-21,23.979626855421685,87.2863454734109
2015-12-22,24.22021411699365,65.04414168852566
2015-12-23,23.993193136356034,29.739464328322086
2015-12-24,20.80772880155487,9.473191582789575
2015-12-25,25.25185314801035,14.24223891910964
2015-12-26,19.637501661391283,61.92644188355859
2015-12-27,25.143342809611905,54.153760880090275
2015-12-28,24.923957639500653,54.512622633355925
2015-12-29,30.137705922795288,44.932406901110646
2015-12-30,25.297487558662787,12.7166725971523
2015-12-31,23.865620867518896,31.75231205432737
2016-01-01,22.73285956035233,69.82106934399951
2016-01-02,25.934213603463824,16.2239519450901
2016-01-03,25.956301974222104,10.489976909101228
2016-01-04,26.035758479712438,81.72897833567022
2016-01-05,25.308089499202367,99.63208272337212
2016-01-06,28.3246814552639,61.87015561610507
2016-01-07,28.865384313692992,36.84218645863403
2016-01-08,26.78647511014122,37.498700137280416
2016-01-09,24.818633035209903,14.802411987550467
2016-01-10,22.06135241155625,86.4152381564015
2016-01-11,27.418059580768034,99.62423893920112
2016-01-12,30.524961081830018,2.867595950511359
2016-01-13,28.789371511272577,96.5929328717729
2016-01-14,28.773930534608432,15.043091110945817
2016-01-15,25.80488348615818,17.95058274872785
2016-01-16,25.405501849405006,65.68151160750281
2016-01-17,28.318068655933782,23.753207538010845
2016-01-18,29.66626292228562,41.18544835619574
2016-01-19,25.647287525936854,42.37840219107192
2016-01-20,27.905041971723726,19.785652544140643
2016-01-21,27.661267623473208,33.08975552233891
2016-01-22,33.775968404881866,99.71264685551525
2016-01-23,32.669683381035355,88.62071062127684
2016-01-24,24.66917051564718,90.71613132229272
2016-01-25,28.331923591358038,37.0727325606952
2016-01-26,29.937407377399676,52.68794321026957
2016-01-27,32.76135470860526,51.75222095735268
2016-01-28,27.525629493102354,79.64161560766445
2016-01-29,31.92032054759655,38.70826947254534
2016-01-30,29.355301797440315,46.18704107403641
2016-01-31,27.520146890145316,12.974462589151303
2016-02-01,25.83516383457338,6.690440603111525
2016-02-02,29.51594209421629,12.169393062390876
2016-02-03,29.08310687154513,63.774858594377214
2016-02-04,30.85379667292532,60.52594275241279
2016-02-05,31.583582883269177,17.28692954585419
2016-02-06,32.638795328463935,98.71435722205658
2016-02-07,29.443396634201047,89.78436543460057
2016-02-08,33.98791716216424,5.844579592637866
2016-02-09,33.01490608202018,54.8983772275306
2016-02-10,29.34064927350685,22.770509239983827
2016-02-11,31.018046731198957,3.6124166213281073
2016-02-12,30.06362597727699,65.18470293145448
2016-02-13,33.88147974040188,1.1941157957537585
2016-02-14,33.55392933512122,23.585764256982145
2016-02-15,33.39505993291724,14.551130379953781
2016-02-16,32.69436922473743,42.003888775474564
2016-02-17,32.3894725042664,89.57704280910652
2016-02-18,32.13028371357606,73.98757006063953
2016-02-19,33.61977542569943,87.30175558383115
2016-02-20,33.31455647684218,60.54900042588463
2016-02-21,33.322385573564546,59.02358895529548
2016-02-22,31.962370932798862,32.46707864167554
2016-02-23,29.874700974881623,31.946067960569646
2016-02-24,31.373844045097602,42.49689511212521
2016-02-25,29.769227581587522,39.272028942215776
2016-02-26,31.508505186978976,26.815417144027354
2016-02-27,34.64530607612682,34.52717029285167
2016-02-28,29.15431990572513,68.67589725146362
2016-02-29,34.7973534125124,6.141868320720645
2016-03-01,33.565305517304346,68.42649099124982
2016-03-02,32.4483413332578,16.186825495617676
2016-03-03,35.752756913704744,75.46177652538624
2016-03-04,34.71054542019494,88.49763494737462
2016-03-05,31.467881818577872,29.100708405867014
2016-03-06,35.55045363053632,4.4588704902214555
2016-03-07,32.43823272267023,67.69051564923213
2016-03-08,32.50109557805511,89.39324908567589
2016-03-09,33.465156856139515,42.37016959054958
2016-03-10,32.47413266794233,4.309513742470116
2016-03-11,34.00247554163245,19.068011367179473
2016-03-12,32.29535295561482,40.44751799058651
2016-03-13,35.16821878766945,20.565475254534192
2016-03-14,35.99255956948816,36.49011552966993
2016-03-15,31.17290215818767,30.30677673130796
2016-03-16,37.38208383633472,42.2242672314314
2016-03-17,35.933102109616584,16.317251116958374
2016-03-18,32.68841537634387,96.95605147137546
2016-03-19,35.76585931443117,61.9093892678155
2016-03-20,34.63475961390133,36.18906536853432
2016-03-21,33.721277049611004,89.11284960000138
2016-03-22,36.17914969692164,84.55231119512685
2016-03-23,36.14330817275919,54.34192319689295
2016-03-24,38.532669502933516,12.403343750165064
2016-03-25,36.26591932941412,10.05670861483512
2016-03-26,34.3139341207739,65.5530934187985
2016-03-27,36.94112714044145,80.89426549360346
2016-03-28,30.87343749250005,30.206898084742495
2016-03-29,35.889113926560164,7.716879892935957
2016-03-30,39.152369276955234,87.09647853023898
2016-03-31,37.784526012627595,8.762598261241328
2016-04-01,35.88662458426287,75.86148191806141
2016-04-02,35.81194190736523,15.987564579521518
2016-04-03,34.17998514184317,11.628609512325571
2016-04-04,35.13067555269692,13.87184191393973
2016-04-05,36.75973779715981,48.33185422402465
2016-04-06,35.3003202768448,67.28313929570058
2016-04-07,34.47808702269755,63.92899164072611
2016-04-08,35.67785633994928,52.657378297531295
2016-04-09,36.72089708572737,89.85005464292983
2016-04-10,35.27906039237802,51.8114238390344
2016-04-11,35.33791618873505,13.757379733375185
2016-04-12,38.601547892957456,26.206038335380388
2016-04-13,31.350831964179616,99.03800331252765
2016-04-14,34.33367690046106,52.38650254812468
2016-04-15,33.61796236675813,10.999730900266137
2016-04-16,34.98369331477269,48.649984042943096
2016-04-17,34.7483602852066,39.81746879915883
2016-04-18,36.498811223958874,67.92537628084816
2016-04-19,36.263582255671096,24.429138357890956
2016-04-20,37.41955217744265,94.74533021771819
2016-04-21,36.58009703877258,21.232847760421436
2016-04-22,34.04711182065494,45.075519141982255
2016-04-23,29.379034225583947,36.53432426369585
2016-04-24,33.905650898512064,75.88207476090865
2016-04-25,33.1437776846676,68.27953713441103
2016-04-26,32.99001202287119,99.47751984198469
2016-04-27,33.7738934104197,64.6319939586354
2016-04-28,35.801430438144905,15.643086588770604
2016-04-29,32.69189502522745,42.83548134852282
2016-04-30,30.10365050128151,73.05795732623011
2016-05-01,32.388041052298874,40.17459405846419
2016-05-02,34.10575706765475,58.537249161840364
2016-05-03,33.13349078204328,46.37779641404204
2016-05-04,36.485205067770465,27.599145788751546
2016-05-05,36.575244624638415,12.721036102943206
2016-05-06,32.374221160235976,9.194096852446098
2016-05-07,30.998124750635387,26.46364080345851
2016-05-08,32.07401086084206,28.532200800769438
2016-05-09,32.95696891772638,9.91006148122321
2016-05-10,33.746095010830956,37.28974028051286
2016-05-11,30.311858298561297,48.22821356982466
2016-05-12,29.99753697242017,3.9708795199029367
2016-05-13,32.010775166467575,19.32604246642241
2016-05-14,30.64702265262827,72.8447414946785
2016-05-15,31.91757128529245,8.322037190570464
2016-05-16,32.48781460271797,57.29149504598985
2016-05-17,32.08336808089862,73.89764862668383
2016-05-18,32.67463167433124,48.30501610264088
2016-05-19,28.79539965307479,6.83003552559801
2016-05-20,30.667917838599948,34.94883522348975
2016-05-21,31.51496721867285,39.609938648663835
2016-05-22,31.32491260195669,98.56630017938808
2016-05-23,33.24984989170864,86.0226532817045
2016-05-24,30.726495464456534,44.3383800839937
2016-05-25,33.013472122044774,68.49955053458872
2016-05-26,33.50294567358488,56.8218462331202
2016-05-27,30.50856377915302,75.18220489198984
2016-05-28,28.629392578049995,62.1414507767339
2016-05-29,31.309353453878224,47.23983025143929
2016-05-30,30.163499963242867,54.27209576042166
2016-05-31,29.659808610550716,76.24322364565455
2016-06-01,30.685851495024398,92.37548932767994
2016-06-02,29.096368035341406,6.298575671846818
2016-06-03,30.331598421591714,41.76909565989568
2016-06-04,31.19563558531585,51.66197742396154
2016-06-05,28.47558548964759,31.4942098487058
2016-06-06,32.78052064758542,10.532598484146959
2016-06-07,26.52060885858459,15.462220422469219
2016-06-08,27.529764181168176,94.39353454430616
2016-06-09,27.44886077237006,9.948402153464976
2016-06-10,27.85006260754963,51.74496837074031
2016-06-11,32.113269352019806,20.74029528244847
2016-06-12,26.200948197164863,83.97867450618072
2016-06-13,28.85956360110854,71.08893527153288
2016-06-14,27.980906825546036,97.13764053641356
2016-06-15,25.56262095614475,80.77292850434499
2016-06-16,26.809492734804163,57.798751104584376
2016-06-17,26.76714005078552,92.50481919618929
2016-06-18,31.180045194822476,67.79730993590003
2016-06-19,27.093423776311315,70.42285564443401
2016-06-20,24.146543387841135,90.42629027172455
2016-06-21,28.70475963151836,36.667642248407496
2016-06-22,26.68336994418116,80.12575127679035
2016-06-23,26.441202135438562,63.54085829731346
2016-06-24,27.759863103898976,63.04813121492872
2016-06-25,27.03317783807041,54.800277321488245
2016-06-26,25.28182344470632,38.61803683476711
2016-06-27,25.997622685855898,44.76758171675813
2016-06-28,22.30385448535433,81.52934778914978
2016-06-29,29.686432625119497,28.217281443983854
2016-06-30,24.78396584729301,15.542081677318443
2016-07-01,26.14502718178411,71.7660041820538
2016-07-02,26.194747156994133,85.82625116579939
2016-07-03,23.643462249379812,58.77795820326839
2016-07-04,23.782889597795315,88.49813548150462
2016-07-05,25.430615199365544,64.21573917157072
2016-07-06,23.39799713223823,54.32490317739306
2016-07-07,23.626461817255258,64.68266194395532
2016-07-08,22.9495577977423,68.74814942249125
2016-07-09,21.116748761496435,5.4302641617008485
2016-07-10,22.95734293629364,26.18369082374452
2016-07-11,25.07033016332587,38.087115976728846
2016-07-12,23.902598306870818,92.63987878277896
2016-07-13,23.2232217099954,84.65650066753012
2016-07-14,21.609301478905774,81.72746304350733
2016-07-15,20.02827870224689,77.94829276046129
2016-07-16,21.587804844948284,18.27516649172346
2016-07-17,23.77085371418561,73.30416061486837
2016-07-18,24.972701833202972,62.44579344217656
2016-07-19,22.83481489265089,42.74548783041088
2016-07-20,21.17683964712401,94.74559162913948
2016-07-21,22.75114671594241,63.31315934291284
2016-07-22,23.68328914994663,24.378455697759993
2016-07-23,19.272099673770082,1.663175663011196
2016-07-24,21.3866102116098,55.42799365350339
2016-07-25,20.054789001549175,54.081101025310296
2016-07-26,22.381143470986434,85.31463548093576
2016-07-27,20.90947194594884,89.43450589472424
2016-07-28,23.348465929742908,5.72137424869279
2016-07-29,19.42124944697184,94.6306346765223
2016-07-30,18.26695866197016,49.53061566072794
2016-07-31,20.377461127345423,4.870398788656615
2016-08-01,19.57736772129898,26.94580727053436
2016-08-02,18.460922112508335,16.539831622401756
2016-08-03,18.328304123290803,98.15445583042886
2016-08-04,15.523083692417885,64.04668826817293
2016-08-05,18.491031639094327,45.888793918038616
2016-08-06,20.67918089928923,21.412175590231286
2016-08-07,17.238840395508966,23.34862112411942
2016-08-08,16.133502678781525,10.760173934562001
2016-08-09,20.35203962424071,52.087585804558366
2016-08-10,19.462464126968943,40.603527371247125
2016-08-11,17.94288057562169,78.68534887838044
2016-08-12,15.10060384964357,25.568278973698565
2016-08-13,20.32570303087409,88.03448776063783
2016-08-14,15.955170044811368,40.70333015549448
2016-08-15,19.326492328374744,22.350595075336756
2016-08-16,16.82026644276259,89.55078423424983
2016-08-17,16.298644782705438,9.963955820788616
2016-08-18,20.631099558281374,94.13501286271409
2016-08-19,22.499727803096665,17.017255799193975
2016-08-20,17.6952476734016,21.395876931931156
2016-08-21,15.854310647469891,75.72294423347586
2016-08-22,16.828817290564178,19.3324156174275
2016-08-23,20.112048441476965,10.304802895567299
2016-08-24,13.464437915236106,46.11407016178748
2016-08-25,15.496605029524837,76.63607695433328
2016-08-26,13.669869995996866,75.02660427181888
2016-08-27,19.94729816304574,8.513503376308694
2016-08-28,17.425099572239343,33.08090452832293
2016-08-29,13.519217873116187,66.12533824769243
2016-08-30,11.390116611383885,45.23832803055584
2016-08-31,14.803478475905326,79.55176163093648
2016-09-01,15.023115863501271,47.30547291411352
2016-09-02,14.333212273511762,87.94886367323039
2016-09-03,17.846514485374186,6.680438085487861
2016-09-04,17.643927260825873,38.709203272926494
2016-09-05,15.141489312656642,14.54223186283775
2016-09-06,13.71679984949936,12.577966685836072
2016-09-07,17.05809620754652,68.69631752385553
2016-09-08,15.290896951331465,27.989567765524725
2016-09-09,15.311188989569526,32.391332319733934
2016-09-10,17.213630206426778,0.45586453943872174
2016-09-11,17.134365549354477,23.22916522297742
2016-09-12,17.699039515908645,21.942995249445506
2016-09-13,15.34637370458954,73.0674989908972
2016-09-14,13.824869698712966,48.247419811405244
2016-09-15,16.89082679980849,33.11783631423414
2016-09-16,17.10324732568257,30.22817252823977
2016-09-17,14.662806493148391,21.97684624241286
2016-09-18,14.520142872009178,44.66893889503753
2016-09-19,13.284456531018296,33.61151577694494
2016-09-20,14.169845096850384,82.41671957910697
2016-09-21,12.08718915305773,74.80004897050274
2016-09-22,15.12403366117588,67.21700547898905
2016-09-23,16.982699551030507,8.837828320502716
2016-09-24,11.719182360697108,71.4829013964778
2016-09-25,16.297529796536608,97.71666513551385
2016-09-26,10.083881173248276,48.22528464188538
2016-09-27,16.61700228932984,26.75601812656011
2016-09-28,17.241626678461333,18.74589704370865
2016-09-29,11.491114951163466,39.40890084678856
2016-09-30,18.198879298702543,38.51898766737857
2016-10-01,14.640555825619227,95.05062020561769
2016-10-02,12.510616563665842,4.491488320737636
2016-10-03,14.428226952500847,5.6532113236637205
2016-10-04,10.539098237152075,97.2685134604311
2016-10-05,18.5069624255701,69.99653260639352
2016-10-06,12.55029696231177,51.12461447042879
2016-10-07,15.898093264354536,37.55182608645067
2016-10-08,12.027615592648564,0.10718402162410712
2016-10-09,14.221760656506941,14.541711505409316
2016-10-10,15.36121212239336,54.28196983838745
2016-10-11,18.0897401642264,83.72136138911164
2016-10-12,13.573995980673715,29.375517358123105
2016-10-13,16.817571821887434,6.046364624983602
2016-10-14,14.2857881645828,18.739864899060844
2016-10-15,12.516670495476147,80.02879942521486
2016-10-16,14.571331053646132,69.05215128998421
2016-10-17,17.66206982323335,90.3784146449604
2016-10-18,12.627558708487328,85.91727297056836
2016-10-19,18.074146954047478,38.9058442164645
2016-10-20,17.635234547685528,3.7567386812867865
2016-10-21,16.638214293683205,22.88150097434113
2016-10-22,19.08397026137727,50.89246264073808
2016-10-23,17.874464853975738,16.75094555893155
2016-10-24,16.57201539384768,7.93568967485847
2016-10-25,15.742473625290831,36.609787312377264
2016-10-26,13.77274385587744,79.78869220280116
2016-10-27,19.40533069102135,62.0438801418665
2016-10-28,20.264076895927804,26.813963705270183
2016-10-29,13.687472669697502,20.731294587941605
2016-10-30,17.94914776779966,25.76294950478801
2016-10-31,18.965064348125694,85.90876278558738
2016-11-01,17.042760638425626,43.79775490259102
2016-11-02,17.870828014352202,49.38156320454126
2016-11-03,15.166647195147867,90.48954385801676
2016-11-04,15.609102266459857,15.343875400477492
2016-11-05,17.908209411778135,66.07086416722147
2016-11-06,14.174511501015452,28.356365795708673
2016-11-07,19.817288409751463,43.15535364226978
2016-11-08,17.225334886002543,66.0401693134388
2016-11-09,16.956851788071305,72.5358680446583
2016-11-10,17.480685519749507,91.09806185634628
2016-11-11,16.323638061771394,72.60869982628068
2016-11-12,21.107119742992957,92.31668778119369
2016-11-13,16.670165154798976,39.02093578190846
2016-11-14,16.257166083458607,26.429522018667228
2016-11-15,17.428859921437834,45.44298848928297
2016-11-16,18.17345903216179,27.126551020028433
2016-11-17,17.3609245539981,87.46907494886723
2016-11-18,15.26775363735667,53.68779569201622
2016-11-19,18.70621639423214,68.51098759558327
2016-11-20,18.250382700782367,49.596701623499094
2016-11-21,20.083160379016757,0.12099806074757913
2016-11-22,19.796446295672723,23.988197203733165
2016-11-23,18.233715369530664,56.51804807107106
2016-11-24,18.064884184111012,49.596513836463764
2016-11-25,19.93457710726564,10.872832600060933
2016-11-26,18.5296235926245,70.91111838031318
2016-11-27,20.299591028569512,85.68691148182518
2016-11-28,18.786387380174105,16.15779349948079
2016-11-29,20.37298075181857,24.262062813168818
2016-11-30,19.6613084827657,35.48948401200573
2016-12-01,19.659766174260163,13.874842217972338
2016-12-02,22.484114733164233,11.7267203692628
2016-12-03,20.13703614184704,46.586011220441726
2016-12-04,23.41624566066593,56.306354966718786
2016-12-05,22.021473020550804,73.290708786964
2016-12-06,22.328789443984356,98.48224543446808
2016-12-07,21.50624271657632,29.087248190886772
2016-12-08,20.988328846350456,32.46398558497046
2016-12-09,20.405712883210214,30.310254373273704
2016-12-10,19.254283713061156,85.6546652546451
2016-12-11,22.622776875586933,28.096084949368382
2016-12-12,20.85412883400303,26.63475655290667
2016-12-13,23.75750203263675,93.12397548213308
2016-12-14,25.074684537198245,40.70849624890505
2016-12-15,20.825565082670956,27.448680033333805
2016-12-16,24.237461017543524,60.25969476681753
2016-12-17,25.308401478356235,22.176263622559166
2016-12-18,24.364025938411768,72.24123507967441
2016-12-19,19.151074118205894,84.04782862545508
2016-12-20,23.990379713332157,15.812984771787598
2016-12-21,25.488305981741696,12.20683640654432
2016-12-22,26.102013488879336,72.77026213980116
2016-12-23,24.45901431195619,58.738312886629195
2016-12-24,25.343383544563636,24.62018267803684
2016-12-25,22.55836987642214,20.00028309818761
2016-12-26,23.505053348743076,63.78436771068444
2016-12-27,23.649559684233413,9.619414953884064
2016-12-28,26.41025981557685,23.388137692941633
2016-12-29,26.85406958004341,28.774251702650755
2016-12-30,24.25812263751021,73.83210648816875
2016-12-31,28.768510025188068,10.735783914781772
2017-01-01,24.747711096086633,82.75999732921639
2017-01-02,24.42632329755385,48.60341763802546
2017-01-03,26.15404758246709,71.05380317982403
2017-01-04,26.279604193635876,46.6069047308097
2017-01-05,25.112510856834156,13.795949039407073
2017-01-06,27.376346718360594,14.691112059648326
2017-01-07,24.338399449274593,53.52094779435384
2017-01-08,25.294329584928306,71.5752564122069
2017-01-09,26.969421975237022,48.28547324078225
2017-01-10,26.64651296277046,44.47353260023722
2017-01-11,26.78962419416246,77.88898244302345
2017-01-12,25.52727928495709,41.153304714365376
2017-01-13,30.52735208675469,87.64898740268471
2017-01-14,29.11639291829372,73.23796449529412
2017-01-15,26.55590552205162,9.138245101667763
2017-01-16,27.827486251933404,96.30937259503537
2017-01-17,25.178689233137106,0.6652710398605932
2017-01-18,31.29930444970048,14.187000755413969
2017-01-19,27.974363218119414,61.839429119339485
2017-01-20,24.61722065616259,23.40080948787211
2017-01-21,28.213608288214335,14.838584041688707
2017-01-22,26.531530860364857,50.84726346837345
2017-01-23,25.517051623594714,19.541170834222076
2017-01-24,28.30790711383052,87.96859944773978
2017-01-25,29.609689967235493,22.697938094980664
2017-01-26,29.139715812965765,44.4025010578196
2017-01-27,29.7544894408193,50.84822324607301
2017-01-28,27.265032746263127,69.97398049213996
2017-01-29,29.142354506258062,76.36439571606996
2017-01-30,32.81925591520568,92.01424921042113
2017-01-31,31.389685331660736,37.884152401978035
2017-02-01,30.707852491798455,98.99027729842192
2017-02-02,28.969994980771162,74.94705402628847
2017-02-03,28.32031445063382,7.220583651562052
2017-02-04,29.001334700308703,87.27499738319023
2017-02-05,28.26562346960266,20.80198438090177
2017-02-06,25.081582841447002,43.32079822547211
2017-02-07,35.69163947981161,60.32123706274384
2017-02-08,31.9324842622137,74.94569862699913
2017-02-09,32.410240532851965,61.126145678610634
2017-02-10,32.8244058461088,31.629377391479963
2017-02-11,28.87621454040754,78.19942740465069
2017-02-12,31.916741768665776,24.66879795978102
2017-02-13,32.031696361028445,8.704691375211581
2017-02-14,31.784173927014372,92.6834059065722
2017-02-15,35.75390038587986,28.68432815861879
2017-02-16,29.956298840199853,45.1444482939438
2017-02-17,30.471652954344858,67.86285839930926
2017-02-18,35.15182234629449,15.61316052002396
2017-02-19,31.678855088353423,12.023734955027122
2017-02-20,30.93359562925953,61.08339554309878
2017-02-21,29.67186003069708,36.760611615319704
2017-02-22,33.09112728249289,53.160853495356534
2017-02-23,31.787152560764245,26.437392106147506
2017-02-24,34.041805168674074,34.795174176960906
2017-02-25,32.508723342658435,38.40212337329504
2017-02-26,31.466486283580696,2.3598833296640698
2017-02-27,34.65427834733073,36.11254660471103
2017-02-28,31.91979409375766,9.796930050614572
2017-03-01,31.26028999168105,26.85256138551666
2017-03-02,34.988242958861996,78.6635461380328
2017-03-03,32.93107125809482,51.63605652189318
2017-03-04,32.981725677612445,13.108576870646916
2017-03-05,35.181320075368696,54.56522153520743
2017-03-06,34.08946091187104,82.63617312209792
2017-03-07,35.23944808565981,87.42495902844435
2017-03-08,29.19639736725866,4.784017787910533
2017-03-09,35.5576427275628,98.35455469519351
2017-03-10,35.0131065644466,46.80058492393153
2017-03-11,33.39408090256711,69.6331082308362
2017-03-12,33.560810957030775,11.199652507601055
2017-03-13,34.92043771933506,48.42074920965208
2017-03-14,34.74717663899301,17.89243348813312
2017-03-15,34.950572469766165,58.591539128002765
2017-03-16,34.23760559732422,5.328312312895389
2017-03-17,35.66177019648249,62.83069758050285
2017-03-18,35.53606737124949,49.65750664230556
2017-03-19,35.79542837937313,5.582418727761285
2017-03-20,29.200519948179213,25.747472349455602
2017-03-21,35.1399567082188,33.10175181336794
2017-03-22,36.10367163387932,96.86368673444436
2017-03-23,35.58255749864402,97.81615712327542
2017-03-24,35.92434016320599,82.53593415763056
2017-03-25,30.92843623338929,49.61415142778836
2017-03-26,32.00736530539987,38.44217609077864
2017-03-27,39.034997164442835,1.8414789124822084
2017-03-28,30.07049150561281,49.732843237065126
2017-03-29,35.75761652371637,10.152994081643929
2017-03-30,33.59726862794375,62.01468848159728
2017-03-31,35.819453671289466,88.54084489169126
2017-04-01,36.938821198391096,6.426226983942406
2017-04-02,37.867062942179004,3.5707947564713627
2017-04-03,30.9979554538868,87.61963395337006
2017-04-04,37.52463673030408,82.97964842788454
2017-04-05,32.318240875532446,49.37739741072802
2017-04-06,36.28443417073452,57.3999014826355
2017-04-07,36.76090427448143,72.66845950158881
2017-04-08,35.172431859530235,49.43413525753013
2017-04-09,35.85583137956154,13.226553859928513
2017-04-10,37.011701236082146,94.73298877936426
2017-04-11,33.196927307573915,92.34878184053326
2017-04-12,35.09799499095717,33.20970910675298
2017-04-13,34.336850043490664,12.765620287081902
2017-04-14,34.936647403050785,72.56960160203417
2017-04-15,35.80325631618588,9.118376099467717
2017-04-16,33.699946415021834,44.85144514019185
2017-04-17,32.7933018694089,20.17162782503045
2017-04-18,34.67625300632092,69.54826043748761
2017-04-19,32.78077072465064,40.40197060186087
2017-04-20,34.99136149711137,55.382047037809336
2017-04-21,38.25834461883873,15.152969948632256
2017-04-22,34.0712722652028,20.98856657606003
2017-04-23,33.514059878682744,19.86772799899529
2017-04-24,36.52732185414737,3.743089600932259
2017-04-25,31.618962418729097,2.7971151193435295
2017-04-26,35.774532480440534,70.19390413106024
2017-04-27,33.93701335656965,62.3343026591467
2017-04-28,33.74217578749446,52.02904789155005
2017-04-29,35.74836698921788,18.364768584754152
2017-04-30,34.71143870839749,72.41032750149728
2017-05-01,32.978805509489526,33.887056712699845
2017-05-02,35.34776923311187,25.95420534827482
2017-05-03,31.437880493078197,25.344620910491567
2017-05-04,33.32981198150526,42.98910867075422
2017-05-05,31.52073905676553,74.95934559156645
2017-05-06,34.90840621177687,70.3869724026662
2017-05-07,34.71767917024251,60.85446562041476
2017-05-08,29.422117143284915,76.92418064925243
2017-05-09,28.309632840451506,17.31616872079591
2017-05-10,30.73805663508386,7.990825700953996
2017-05-11,33.21182286924005,96.2034248315161
2017-05-12,28.846930210371056,26.706163227891167
2017-05-13,32.65055866181338,96.50337122164984
2017-05-14,32.53085226887169,50.884975090635706
2017-05-15,36.301002448740505,9.122225322699274
2017-05-16,38.04597347851603,25.558540794214746
2017-05-17,29.331698987592357,14.990137447388218
2017-05-18,30.97024672614606,29.214709336823773
2017-05-19,29.119902896219905,28.895580825440103
2017-05-20,31.558641587890193,4.897858947087408
2017-05-21,26.849229210498756,84.79781830209137
2017-05-22,32.38026629936894,40.89033228757617
2017-05-23,29.637084434979215,67.93761647114067
2017-05-24,33.04649429504364,15.79751278296797
2017-05-25,33.59584955164725,52.73809415044205
2017-05-26,32.6792449669122,90.0133018475453
2017-05-27,26.588816910670005,73.17703236741241
2017-05-28,31.980211597283777,71.84632170683106
2017-05-29,31.047969399416864,5.109121279040851
2017-05-30,31.106791279655532,20.83612078094862
2017-05-31,33.29070931036075,36.46155707103811
2017-06-01,30.769968694125204,43.92645502228728
2017-06-02,27.388557713649938,11.325302161179419
2017-06-03,30.954723546638,15.56362978127751
2017-06-04,31.898962655179442,59.680564831659666
2017-06-05,28.621649604282663,40.3117755595622
2017-06-06,29.642771934517185,91.67453486681922
2017-06-07,29.081237482835206,7.604402752666751
2017-06-08,27.66165287521827,22.282191272969687
2017-06-09,27.874736307444635,84.4199989322456
2017-06-10,27.973157261328243,4.920759202874459
2017-06-11,24.953100990555903,71.57423150285595
2017-06-12,29.264604072935427,1.7999468989986833
2017-06-13,24.97261832669439,72.78054360505648
2017-06-14,27.060879254509945,79.89322986977974
2017-06-15,29.75474819240744,95.5708254353236
2017-06-16,27.201567488057357,38.391994249619984
2017-06-17,25.10200424417797,79.46936454150405
2017-06-18,25.321816833368864,51.49950273218228
2017-06-19,27.51694203329761,77.94247849868529
2017-06-20,28.936507680023393,5.06119137751665
2017-06-21,27.267398442417434,94.52908614003509
2017-06-22,22.64848061300527,60.432413648633755
2017-06-23,24.175633720185076,16.86931280529963
2017-06-24,26.53415129173631,68.7385318279788
2017-06-25,23.2816826338159,32.30887438149922
2017-06-26,24.08157725722983,88.71037203631725
2017-06-27,24.948041963163856,78.91348089116404
2017-06-28,24.549536589606884,44.657759197393965
2017-06-29,26.23510542056276,75.79534474543728
2017-06-30,24.437270677255587,40.27061519604186
2017-07-01,23.411432691876836,39.43901263747255
2017-07-02,24.38000031850205,74.33241459529502
2017-07-03,23.965810983136347,82.16668180287968
2017-07-04,24.705310349558516,54.63631548535598
2017-07-05,24.606817243688795,82.28282342983412
2017-07-06,23.18156572011648,4.221983006591046
2017-07-07,24.93263635966673,65.10804340784405
2017-07-08,21.136201855518205,99.87948746294386
2017-07-09,25.916684018643135,74.83653732303024
2017-07-10,22.9340822379547,15.820262076870051
2017-07-11,25.822874358728686,34.13018940498588
2017-07-12,23.748921059788316,97.01870180717165
2017-07-13,24.23589314912149,60.58590329352684
2017-07-14,21.68050700831537,46.63244748401946
2017-07-15,26.631511066375598,79.7052456112835
2017-07-16,22.307557566789907,44.0890521477418
2017-07-17,22.19244582591001,88.98648625005542
2017-07-18,24.39344225640498,45.83476506545717
2017-07-19,22.668720548466222,4.9942867324252465
2017-07-20,23.827212340629874,68.36627612979119
2017-07-21,23.20431201867972,87.92239645794055
2017-07-22,20.259878861238658,61.746318751043894
2017-07-23,21.05627177938762,3.685344886512565
2017-07-24,21.26616235756939,81.61075578892876
2017-07-25,22.04272906230226,72.16780556975681
2017-07-26,22.150515505875862,31.88754481581759
2017-07-27,22.79241316314876,44.79755387010936
2017-07-28,20.00284519008623,89.1817194826044
2017-07-29,20.256705119484067,33.051916696438575
2017-07-30,17.667935891912354,57.06152259008456
2017-07-31,19.467367567050474,53.005106340194295
2017-08-01,21.880894811951723,86.8853434153625
2017-08-02,17.38351790558548,63.23425487068083
2017-08-03,17.55241053117293,29.440814434099583
2017-08-04,19.645109225303322,55.259886956989476
2017-08-05,20.51627692574273,23.726326692023434
2017-08-06,19.036792694817333,84.35218585332355
2017-08-07,17.27089521648262,1.824932910465149
2017-08-08,22.460955869427977,75.17790058193468
2017-08-09,17.935509423206987,70.03120643889655
2017-08-10,18.1350848939541,85.57008389130506
2017-08-11,19.343848575368213,29.44266031347491
2017-08-12,19.992991056479422,80.91879569778376
2017-08-13,17.886533558920753,77.47404787901912
2017-08-14,16.364320654810854,0.3293655645454918
2017-08-15,21.417480926295564,11.290315642633232
2017-08-16,20.0651476375897,14.240398401947573
2017-08-17,21.999426915721358,5.553437280993601
2017-08-18,16.332116951860513,6.295042382514793
2017-08-19,19.39374491527318,61.406244526953394
2017-08-20,15.921388483184856,18.73271805110378
2017-08-21,19.742305801075627,19.546517840108045
2017-08-22,18.588599725308754,11.838858065695257
2017-08-23,19.105389786794074,30.669565260797516
2017-08-24,13.675906951659007,42.49177764898137
2017-08-25,20.28664787560636,96.4278763014345
2017-08-26,16.94577455881988,22.250152233544075
2017-08-27,16.406241173662128,1.5951883162998337
2017-08-28,12.333946511543143,65.59769806884425
2017-08-29,13.251173326357888,42.07814905692773
2017-08-30,19.639934148006418,4.6825528660551115
2017-08-31,18.780840093307255,32.45138517759582
2017-09-01,19.054527311251576,90.46266426004618
2017-09-02,16.95183662976255,88.20293718077657
2017-09-03,15.780090321210967,81.51126975054754
2017-09-04,18.190231520390938,77.73013878645313
2017-09-05,14.690608358338398,39.55316583110069
2017-09-06,14.119261132279355,24.78698823081852
2017-09-07,20.31511209491222,73.22675983563643
2017-09-08,14.613041235970073,34.092371837255605
2017-09-09,14.571633678147467,72.50096809711182
2017-09-10,16.59033423260903,27.25655885872196
2017-09-11,16.1446786669492,99.20487604074428
2017-09-12,11.533986798972819,85.21386497969421
2017-09-13,11.461131095095883,32.08261639862665
2017-09-14,11.767202186288156,20.840256631406728
2017-09-15,14.800703527378273,37.09052507905165
2017-09-16,19.631393626485345,38.77845718294631
2017-09-17,14.185863093661364,10.576736480966542
2017-09-18,14.667624073854284,11.984195446503232
2017-09-19,15.370455217931264,81.00581154944055
2017-09-20,15.382658575184559,52.21207268284067
2017-09-21,14.118558959874834,79.36726941822305
2017-09-22,17.433549424657013,58.98388451962586
2017-09-23,12.944772497955883,63.90278808663362
2017-09-24,16.127327007152232,15.76084152998134
2017-09-25,17.262523900059932,10.575214062083782
2017-09-26,13.61577125125849,53.36424487521171
2017-09-27,16.846458546856475,24.89656154205249
2017-09-28,16.43810866826651,64.69726016587066
2017-09-29,14.206773466466785,71.63373751079143
2017-09-30,13.519358136089325,96.19438310326117
2017-10-01,15.123830379156885,94.74079489276245
2017-10-02,16.848887009519448,77.95570781010906
2017-10-03,13.403227756520673,77.59363707244366
2017-10-04,8.769208604639395,22.352533043767885
2017-10-05,14.679731416842163,47.00372197349007
2017-10-06,11.604973604565538,12.986447037597404
2017-10-07,17.18679283814678,39.03937267030177
2017-10-08,13.063945801449698,49.77672436363812
2017-10-09,15.165103724367471,61.79518414844387
2017-10-10,19.290534404138803,59.240571852103244
2017-10-11,13.505116277836802,0.19920564059973112
2017-10-12,14.308120284744659,8.75250382250119
2017-10-13,15.90473332406595,11.532027448177583
2017-10-14,16.56823819559589,60.19612699256983
2017-10-15,16.001650027308685,45.567599291204374
2017-10-16,16.94626684748505,29.758782643676696
2017-10-17,16.778231367343118,53.9446946412036
2017-10-18,15.898919574342303,35.585627422374635
2017-10-19,14.007655814288949,77.51415778086684
2017-10-20,19.554013969575188,4.176303940127135
2017-10-21,14.785780925897296,38.46897488003378
2017-10-22,18.259603331643653,27.022957630458823
2017-10-23,15.899891039185814,7.875276310939283
2017-10-24,14.869993994363313,24.447496464128772
2017-10-25,17.646215603452216,13.204849654445194
2017-10-26,15.977965247472982,67.55583784648786
2017-10-27,15.627399490978771,35.97409172017839
2017-10-28,16.808447953459833,36.68214683488199
2017-10-29,18.221425874836626,69.82885033153575
2017-10-30,16.05689294938477,97.0958291765959
2017-10-31,15.028388974007047,40.077105597556475
2017-11-01,18.20271485007298,96.06439239508802
2017-11-02,15.399827702839888,28.475229257760326
2017-11-03,16.080882473607762,18.18781708752485
2017-11-04,14.135742663913142,68.88784531851118
2017-11-05,20.16438108260204,72.72558805366529
2017-11-06,18.35468797412754,38.18732347160962
2017-11-07,17.484417468606978,35.75705678975189
2017-11-08,15.625176885901764,61.4752231698525
2017-11-09,14.339733637275831,78.75354458164153
2017-11-10,16.563612903171844,74.30943610821986
2017-11-11,17.17690618716635,70.51822393003971
2017-11-12,16.50762585450754,32.277479836199376
2017-11-13,13.045563015158574,46.90299324469396
2017-11-14,22.46213705970053,28.444395084594188
2017-11-15,14.425377647793184,64.37125394419135
2017-11-16,16.403727308979224,43.3444355399063
2017-11-17,17.88198499536169,92.09965891338261
2017-11-18,17.566914734142895,86.58871264327709
2017-11-19,14.972926680708195,18.924307016390784
2017-11-20,19.976593486701276,59.51563178220246
2017-11-21,18.234052450127336,34.47119052938798
2017-11-22,15.412022844480278,97.45388146723595
2017-11-23,19.502209411443673,13.885924506273051
2017-11-24,18.59722422462776,68.00710402313707
2017-11-25,18.77950971784668,72.9222017001799
2017-11-26,14.487127359722763,86.08479253827443
2017-11-27,20.591437496855086,80.47965602478357
2017-11-28,20.908101344328077,72.5629799137164
2017-11-29,17.16998526454092,59.0987606594763
2017-11-30,17.26683015503368,95.9261684136119
2017-12-01,19.871359851158154,70.43782410537625
2017-12-02,22.53635494488016,74.40309910521049
2017-12-03,19.550119614889116,53.8689151739544
2017-12-04,24.747891142944766,94.46443598157408
2017-12-05,20.535446253173625,44.513848988884575
2017-12-06,20.452578759060856,46.239443293195514
2017-12-07,20.42286400570278,13.777801180071659
2017-12-08,21.666061141657792,76.8673967416986
2017-12-09,21.605018731227865,55.17535853960267
2017-12-10,23.161908060951696,64.65498772946255
2017-12-11,17.6488298397206,35.56936681654178
2017-12-12,23.60223177619844,15.471311942724764
2017-12-13,25.538930187067265,0.8988952952990847
2017-12-14,23.890452890660715,3.847936677900099
2017-12-15,19.842817833114818,85.56380784366837
2017-12-16,26.045162231926604,27.41888083834205
2017-12-17,23.161809506089924,39.97493447304701
2017-12-18,20.75047130876219,13.645542350391516
2017-12-19,22.456880472437337,73.46517946327266
2017-12-20,18.168840441052936,33.55412900568625
2017-12-21,26.088560321123005,68.4095455637155
2017-12-22,26.39234179037029,50.90005856932396
2017-12-23,19.122465596991624,21.447794447631807
2017-12-24,22.23064589741043,5.105328479670179
2017-12-25,23.070979972639588,21.587567835705467
2017-12-26,23.983669460799554,93.39927026991323
2017-12-27,23.714011491049256,43.922712956150534
2017-12-28,27.890655329020042,98.05629079630295
2017-12-29,26.469715160654893,96.00907627776034
2017-12-30,24.297322574113753,94.1560049768468
2017-12-31,24.598428458341118,88.68290357536395
2018-01-01,24.120204640279304,45.74230743134172
2018-01-02,27.82623900383178,66.53754888242321
2018-01-03,26.30523801280108,6.96515331230948
2018-01-04,28.067457170073766,51.625104788456575
2018-01-05,26.836419932420462,31.19295963477574
2018-01-06,27.537614744594524,60.18093292139923
2018-01-07,24.69133597842386,79.62483106114031
2018-01-08,28.419312426084698,67.84313495341175
2018-01-09,29.502554112026985,10.992135946461378
2018-01-10,26.133170088773156,33.37985736814406
2018-01-11,25.488847257844704,41.21390559190711
2018-01-12,26.455478500083064,17.08412660309725
2018-01-13,24.6818258702596,31.769555991428177
2018-01-14,27.992628871577125,37.86013447736127
2018-01-15,25.520180771432894,54.58901511522779
2018-01-16,27.011296073729763,0.0005321796940238599
2018-01-17,29.463793572305335,89.1410837219517
2018-01-18,27.404299591444687,44.0663477231374
2018-01-19,29.19152492599692,5.23892645748405
2018-01-20,26.78328724384115,77.91742546970167
2018-01-21,27.864999868841608,19.674540338535863
2018-01-22,28.02389610514446,89.70758706999095
2018-01-23,31.01651852138338,4.81499069228577
2018-01-24,30.629844745878728,65.3061741715262
2018-01-25,27.61170375628537,62.869207594413886
2018-01-26,33.20803384513736,67.97871328130654
2018-01-27,34.55425576397401,45.285944476616415
2018-01-28,30.973341022926675,23.532868556175057
2018-01-29,32.93953525893125,28.853064883591053
2018-01-30,30.41175465112445,12.176170188521473
2018-01-31,30.346260291160217,79.76829046543094
2018-02-01,28.704036239348035,55.760839885007016
2018-02-02,30.39495399901207,84.25006664088046
2018-02-03,29.420854043754957,17.665948484184433
2018-02-04,32.91430911977314,95.45133161357909
2018-02-05,32.992383413632226,48.35020076115833
2018-02-06,29.239235824823552,6.162945766567541
2018-02-07,32.56001308395375,34.989330764580664
2018-02-08,32.00816906214585,36.92533220869184
2018-02-09,32.027414671523886,36.48422327339866
2018-02-10,31.621502055567763,37.59186204666308
2018-02-11,32.32504712440563,64.43784512382858
2018-02-12,29.734571305628084,82.06330614734722
2018-02-13,32.03459467793814,30.371739603963
2018-02-14,34.89993260563342,32.88471155851146
2018-02-15,30.472182553964643,28.060959881826797
2018-02-16,30.601030533762785,27.147217860331764
2018-02-17,31.13956392347274,32.42756287630096
2018-02-18,31.167912200262844,83.67006313869456
2018-02-19,33.39931716498486,8.41659431325249
2018-02-20,36.82945027208175,77.53229309270965
2018-02-21,30.352078328548206,28.71636900542559
2018-02-22,29.301697790160024,73.66428521149537
2018-02-23,33.53503074949377,91.11761431326244
2018-02-24,31.82240077104118,23.781008007161685
2018-02-25,34.071809385241146,95.72381470893598
2018-02-26,34.13054049365954,11.874729987214504
2018-02-27,30.900454025439156,24.392772986322807
2018-02-28,32.98447460724126,57.02746067335467
2018-03-01,37.606840586061594,43.86100570741065
2018-03-02,35.5912601752094,76.04906097912911
2018-03-03,36.113094413813855,86.70208586161799
2018-03-04,34.81944203251945,5.165319875356067
2018-03-05,28.28047972473611,74.89987541973315
2018-03-06,36.90661151716527,33.306191279430244
2018-03-07,31.90905199426912,71.27991023593947
2018-03-08,33.981030179540085,55.62084817179374
2018-03-09,31.944849105773663,46.46610746846013
2018-03-10,35.28314874875102,3.2649662794284273
2018-03-11,30.41860209077197,63.52437268258595
2018-03-12,36.061125213585335,54.2588988585324
2018-03-13,33.32222077013087,99.22869972355963
2018-03-14,32.577029171140765,27.72274709791782
2018-03-15,37.12867041900671,15.813655702949026
2018-03-16,33.72697553150719,43.86888783846751
2018-03-17,34.39971875842223,53.94119881051201
2018-03-18,37.27883989904528,26.23023146687713
2018-03-19,33.39081265805414,51.00300317484151
2018-03-20,37.39268685792974,90.42279439142978
2018-03-21,31.076724281956796,88.12533826771656
2018-03-22,37.73708956692369,69.56369432522061
2018-03-23,34.68260060331752,35.297582505991876
2018-03-24,38.2411745241411,77.75004772445313
2018-03-25,33.976237681884456,33.925097392899616
2018-03-26,37.77821959645703,83.3905687236347
2018-03-27,36.97632738901293,30.468532964701645
2018-03-28,38.02201698456398,12.966927710461606
2018-03-29,35.83225115316793,82.06101268488197
2018-03-30,35.07720670029143,95.82635642417637
2018-03-31,35.627525797761905,64.81793269211335
2018-04-01,35.45198318165392,61.6448632280668
2018-04-02,36.999504350854096,67.6950738052869
2018-04-03,35.428450903251026,61.39264949284957
2018-04-04,33.32363026248524,1.539506741770702
2018-04-05,34.36948662862325,20.68777323756297
2018-04-06,33.86300363348037,69.00705155946935
2018-04-07,29.966045166028046,95.87979044047117
2018-04-08,35.04497924915434,13.66254417780388
2018-04-09,38.73006191911175,71.23850311899761
2018-04-10,33.99944317615939,96.59359124268053
2018-04-11,34.74206175856585,76.5359976044496
2018-04-12,29.978256284423374,15.662780113285779
2018-04-13,32.493803194672736,18.78898067325071
2018-04-14,37.31751221302834,81.92620772888742
2018-04-15,36.12673956688563,80.96254907467156
2018-04-16,36.79068925629234,34.979067538220136
2018-04-17,37.148291650881966,41.134161291613665
2018-04-18,34.498954412066254,56.279101248397154
2018-04-19,33.90346028788793,25.883763870429533
2018-04-20,35.05563194481489,8.923918446383217
2018-04-21,34.461123703047036,71.82104447306055
2018-04-22,33.50373907405711,48.93566013679954
2018-04-23,32.986929650034284,74.25233113907373
2018-04-24,34.23775629043136,56.71147514991387
2018-04-25,30.419909788808255,10.708871486118499
2018-04-26,33.81263063117919,69.20999277151907
2018-04-27,34.50577839907888,30.96493720947271
2018-04-28,36.26595188910037,76.88527442566098
2018-04-29,33.55545682934392,79.28044980479447
2018-04-30,34.60353700413789,48.152341858670276
2018-05-01,33.03929382191262,43.873015210073355
2018-05-02,37.157510934140504,97.34544477629954
2018-05-03,30.740250228482473,13.632102361460408
2018-05-04,36.08411957083785,76.2648932646606
2018-05-05,33.27584408276409,41.37277257164056
2018-05-06,30.914827619248136,96.2211935097119
2018-05-07,34.408413440529365,68.64182352342986
2018-05-08,35.011301286953206,29.31355168182561
2018-05-09,35.43545656328644,77.76204361125258
2018-05-10,30.68344057818335,74.14877124461282
2018-05-11,31.637228816254712,18.146396813000543
2018-05-12,31.31162078557844,0.40315553699775686
2018-05-13,33.28236188330561,58.69041924608014
2018-05-14,32.368450686862374,65.98861809239318
2018-05-15,33.95362395378913,60.42432504117063
2018-05-16,30.60715528260738,81.27377834732503
2018-05-17,32.72137807863758,31.566857956280934
2018-05-18,35.38344847487997,30.18406008840031
2018-05-19,33.898748594780024,1.2213189918624967
2018-05-20,35.72782055023088,22.130763394024868
2018-05-21,30.870312029803053,13.928728258062307
2018-05-22,29.158722371453106,64.60835088865748
2018-05-23,32.54782796587518,50.69577690784784
2018-05-24,32.43303707356976,86.32623726193344
2018-05-25,32.59834866793234,52.00207443965282
2018-05-26,30.409600389904874,23.368049531575195
2018-05-27,29.811526846505718,56.57725350040435
2018-05-28,31.287952717668606,47.801222571983594
2018-05-29,30.862188536573342,67.58670518587242
2018-05-30,33.58530919557784,45.455397422457466
2018-05-31,30.442878254933383,9.883835476996861
2018-06-01,30.56653697905997,23.486040733765478
2018-06-02,33.332305869552584,11.739818449227467
2018-06-03,29.463369470757954,13.67040221222483
2018-06-04,25.680468754397378,48.37238411409002
2018-06-05,27.802917633257135,10.17493815940751
2018-06-06,29.17558164978799,17.06195181311182
2018-06-07,30.141724542445733,32.35686021823807
2018-06-08,28.43017559766848,63.77700825887056
2018-06-09,28.5177744390769,72.1852157196498
2018-06-10,30.56344490391483,78.68577002665002
2018-06-11,27.15672481416125,55.67116293432315
2018-06-12,28.110537565371253,29.564939172400763
2018-06-13,29.036497127347836,63.56663072270234
2018-06-14,25.88406906496638,53.87480246676917
2018-06-15,27.715613240316006,46.34558304896693
2018-06-16,28.82150794076798,45.10060593763663
2018-06-17,28.976126434986433,44.37662358873135
2018-06-18,25.83833080326998,14.384059563675267
2018-06-19,30.065029068387805,67.8477287631689
2018-06-20,30.00322161692988,85.96587282293338
2018-06-21,28.06247218564092,84.65240365662335
2018-06-22,25.10405532414085,60.389605780395684
2018-06-23,28.45876288639942,5.4748666188112916
2018-06-24,26.27306593350079,96.76990570056239
2018-06-25,25.035219948808102,75.44994533524368
2018-06-26,28.722831935585774,99.85311950416165
2018-06-27,25.636999446585694,84.74702671899706
2018-06-28,24.867903528956436,1.7158486294795328
2018-06-29,25.464995235525176,61.5328901941856
2018-06-30,27.575538290022568,76.6355794131738
2018-07-01,23.884180962854355,17.840772115550962
2018-07-02,26.112619867623454,40.587355051582186
2018-07-03,27.60579146624719,5.436381829281389
2018-07-04,23.537133331343753,19.40903273947826
2018-07-05,24.557213426344894,40.96459997951604
2018-07-06,27.606045380497775,55.56692511793175
2018-07-07,27.04664318920482,46.109758448376894
2018-07-08,22.68380277908084,8.878703641727892
2018-07-09,23.369861277237742,23.720093374166595
2018-07-10,22.257234253691465,79.46653308610703
2018-07-11,27.7046431633338,73.93194973589848
2018-07-12,20.954264545116057,4.857006886020265
2018-07-13,23.702865261097926,83.13438798827309
2018-07-14,21.476359859730668,7.364688173241529
2018-07-15,19.341139627183594,36.09092798519797
2018-07-16,23.532010925253196,39.2952353660148
2018-07-17,19.799227845397347,1.492527665506671
2018-07-18,18.916433219706594,30.843851711718116
2018-07-19,22.96683278495894,0.3609413387029692
2018-07-20,22.54172478727684,42.377404710254105
2018-07-21,26.281959143778238,62.488270545809776
2018-07-22,21.682057613699545,11.846987491302885
2018-07-23,21.55305824372988,49.9610829524881
2018-07-24,19.34634545437772,99.17250875520179
2018-07-25,19.88707864271472,21.612069055994453
2018-07-26,22.247670971614703,69.09984867004891
2018-07-27,21.81664235263804,2.0525521896273435
2018-07-28,20.92393323283418,90.67698207179801
2018-07-29,23.274598654865766,99.04000706740118
2018-07-30,24.91398508585404,87.63725273070342
2018-07-31,21.357266199883796,43.726001471376364
2018-08-01,20.315682640755984,61.53512392970486
2018-08-02,19.30186586714266,76.37659182878303
2018-08-03,19.045951704649124,43.70100713301378
2018-08-04,20.102591580057133,92.05852624252616
2018-08-05,23.105827511365824,60.72581196133259
2018-08-06,16.62124696404357,6.543588594027028
2018-08-07,22.837267897606154,42.732114924624476
2018-08-08,20.334818412046296,13.526038169374432
2018-08-09,18.088320787984475,99.52073127970581
2018-08-10,18.824160954085436,63.74478672006917
2018-08-11,18.069086665548372,96.78399768030258
2018-08-12,19.14168392340053,62.269684896775914
2018-08-13,17.924270036823543,71.52414061905384
2018-08-14,19.385389819099696,42.68447688468739
2018-08-15,20.349381268405303,71.74556170836942
2018-08-16,18.07683740652042,73.387202359128
2018-08-17,21.141599025728713,35.585708748190534
2018-08-18,19.532960024174663,94.4060187204514
2018-08-19,18.358682353663045,9.456365832807057
2018-08-20,15.878651413484699,11.283474591859866
2018-08-21,15.240327525902885,51.45178596404789
2018-08-22,16.512127255825916,56.30011319060012
2018-08-23,19.814873624554252,70.40524226848724
2018-08-24,18.803896663342183,97.87133686818288
2018-08-25,16.246599827030533,34.17239181912796
2018-08-26,16.917090717796714,8.188873434072274
2018-08-27,18.915238922448438,36.59797848066927
2018-08-28,14.045873255041636,52.835332604081955
2018-08-29,18.21500580196879,3.6837903304013486
2018-08-30,19.717737772726892,47.840715477709026
2018-08-31,22.362982370301562,0.8334773572530763
2018-09-01,13.54635412711941,94.10029611530865
2018-09-02,17.13367483530074,36.72389952844366
2018-09-03,16.3111380288959,46.81856027417061
2018-09-04,15.057887827937241,19.344807679025
2018-09-05,14.484477499579265,29.512940296118607
2018-09-06,16.05647496820214,37.46801338712746
2018-09-07,15.017184213917607,55.30376014057276
2018-09-08,17.531545142875636,37.27872259676926
2018-09-09,16.249415299853826,56.22747233513461
2018-09-10,13.872083348565935,77.74540618031142
2018-09-11,14.606619093020873,24.347440253750463
2018-09-12,15.847483758173327,42.108442342439766
2018-09-13,18.471999794797643,18.68386046217815
2018-09-14,14.598628534370405,32.39200956753562
2018-09-15,17.437490397752704,14.555169260545286
2018-09-16,14.551658842956376,62.4813958725382
2018-09-17,16.056016260820986,99.2411164453594
2018-09-18,10.890784297106567,90.07963087662793
2018-09-19,14.02473808846466,4.4880819079719085
2018-09-20,14.068919155547345,94.38893855996973
2018-09-21,16.01913086255977,42.4771070918462
2018-09-22,15.897146141711543,83.45891763382866
2018-09-23,11.853379366810122,67.42961682822394
2018-09-24,17.596418602315815,75.84985281096013
2018-09-25,16.359964054710467,19.19577126374462
2018-09-26,13.84949191105444,40.93521415640331
2018-09-27,14.592152283951402,70.52044213856715
2018-09-28,13.30407869424533,82.9260820409767
2018-09-29,14.00331449553801,45.301495912046484
2018-09-30,12.084528828073566,20.261654204727698
2018-10-01,18.567779699830755,26.877536263720657
2018-10-02,14.758732256420998,7.38717358804275
2018-10-03,13.650629845891451,46.696243121642645
2018-10-04,16.577842382604114,91.68022481446332
2018-10-05,15.33798977944421,9.344177820575217
2018-10-06,13.244244244850815,56.891692931547425
2018-10-07,16.266689585228104,74.41209448946499
2018-10-08,12.022960606407556,72.64552217629088
2018-10-09,18.103070680568745,37.99180215604974
2018-10-10,20.393989943021957,5.876410232754425
2018-10-11,17.63979848656685,87.8012844913387
2018-10-12,16.84124645912578,61.11083706743391
2018-10-13,15.814717869462228,71.16127233342064
2018-10-14,16.627219316474388,13.003371188201829
2018-10-15,13.247197390133673,95.97224044763453
2018-10-16,15.513604153225426,66.56110438424514
2018-10-17,14.053123229802805,9.43061561312064
2018-10-18,13.680489690709805,39.937681758690914
2018-10-19,14.741519198052966,0.639100307412277
2018-10-20,14.121557562546757,78.72648327218978
2018-10-21,14.413839061429634,3.22176934529369
2018-10-22,15.98427295877186,14.170042380252756
2018-10-23,18.426481675746302,18.758968173421753
2018-10-24,15.766115545768233,82.7714548548224
2018-10-25,15.229958497952804,78.29420051001999
2018-10-26,17.50634570836367,53.56554793072217
2018-10-27,15.707263308267223,56.88194331487338
2018-10-28,19.36806745318025,45.050159601988426
2018-10-29,14.71554144034339,65.15119255751353
2018-10-30,17.49787184053166,21.127218083101805
2018-10-31,18.33466371322462,44.257099969342796
2018-11-01,16.667796843752125,42.65421413014931
2018-11-02,19.501101086494327,62.61489124245975
2018-11-03,16.951944444843107,16.194504682519874
2018-11-04,18.862260535498677,1.109785944779984
2018-11-05,16.315890008616513,13.939179603464568
2018-11-06,18.0921754244515,75.35905228741765
2018-11-07,19.569845541973322,21.995540062080863
2018-11-08,19.72807163802076,77.77101125320638
2018-11-09,12.790507162638484,60.720310118511534
2018-11-10,16.17550146627837,80.44844592840082
2018-11-11,19.813634385495746,34.11881988178918
2018-11-12,19.822937903382247,68.36344140309808
2018-11-13,17.92261783147705,29.27604650926621
2018-11-14,18.45351541157022,80.47487958599045
2018-11-15,17.674740446368073,44.824033114578974
2018-11-16,18.39840867121915,1.3625168965067047
2018-11-17,21.339341899349776,68.54769038831645
2018-11-18,19.99615713278268,31.77414315409014
2018-11-19,18.721293479944038,58.89111961900839
2018-11-20,17.826215369066624,19.812864382046257
2018-11-21,20.31762076564216,11.978908339148086
2018-11-22,18.107936669981815,92.21332412126941
2018-11-23,20.052159170798408,74.71167929850915
2018-11-24,14.918864617168754,90.96683948661479
2018-11-25,19.353838615295867,86.65862671218979
2018-11-26,18.595185917696554,2.3033287187527507
2018-11-27,19.92537730146228,63.97101667339622
2018-11-28,18.053100703601547,98.2176599384618
2018-11-29,17.083822490726735,81.01650649905692
2018-11-30,20.213860970708797,30.366223229955192
2018-12-01,22.340009101064023,18.96746511467121
2018-12-02,21.467205265409536,94.2041188409766
2018-12-03,18.358140017928367,23.363511617511545
2018-12-04,21.59968254655514,91.46843391095437
2018-12-05,23.017098760699614,4.570465037029303
2018-12-06,18.59800265039489,66.11883389433369
2018-12-07,22.24370475169294,19.547199955836327
2018-12-08,18.334641240214708,57.4288395953377
2018-12-09,21.381378111609386,87.02452054558377
2018-12-10,20.48769784270245,78.92521734451789
2018-12-11,19.85693973200637,80.56240728567546
2018-12-12,19.50144318274302,64.55081783490574
2018-12-13,26.45719226858644,15.984344295114017
2018-12-14,23.3600580054938,61.64813053906184
2018-12-15,23.66962736412196,43.684271787970154
2018-12-16,20.869129022962696,99.01320468163736
2018-12-17,25.575321838363827,47.1546311214744
2018-12-18,23.81898282644453,10.01738689543169
2018-12-19,24.005014981467976,87.09483853991235
2018-12-20,24.383376247381694,98.81284070010427
2018-12-21,21.776208390994924,55.11259327845841
2018-12-22,24.540990243178545,16.10268019187856
2018-12-23,20.465647367331897,42.823516202274504
2018-12-24,21.963189186007412,67.09297884856599
2018-12-25,25.592533870740066,25.584480347005034
2018-12-26,25.63034698944488,85.42443978284598
2018-12-27,21.324282078183987,71.48897327697368
2018-12-28,25.829484247200895,35.93644826260428
2018-12-29,25.31448190225319,79.13244425044931
2018-12-30,22.916139755019913,5.282288130788859
2018-12-31,26.87946025631121,18.093985047815984
2019-01-01,26.32872483570486,14.739566077849542
2019-01-02,25.157155477521016,11.406697889393335
2019-01-03,24.880664482638185,93.50230073138303
2019-01-04,27.908557948510314,90.2165763701506
2019-01-05,28.830281338275547,87.54454850247035
2019-01-06,27.033267273510084,44.07810620104997
2019-01-07,25.978912023824222,56.707127774692644
2019-01-08,25.05362489393934,71.9571511157433
2019-01-09,25.918850674016422,44.442870764493925
2019-01-10,31.248743196500698,89.06550815126626
2019-01-11,28.816559798835033,16.360580668055434
2019-01-12,29.472367624767443,97.82790935209471
2019-01-13,25.81023463046104,22.11620859083723
2019-01-14,23.663812091647742,85.39759753703561
2019-01-15,25.094620699338332,26.004597983843823
2019-01-16,25.01884578057154,48.97749335375189
2019-01-17,32.10695231768344,25.36935635279044
2019-01-18,27.6698859642989,39.42130831742451
2019-01-19,31.67780496081254,24.987094226779405
2019-01-20,24.81189097040161,50.71243430030227
2019-01-21,25.463208634747776,76.32393893964364
2019-01-22,30.887044986831985,35.04940301964163
2019-01-23,29.279084626581557,14.925130054114932
2019-01-24,30.55278904837001,96.50353435559477
2019-01-25,28.024914715726226,16.02132270494636
2019-01-26,32.726886555444274,65.90614637479982
2019-01-27,30.009278841746553,61.38692840252954
2019-01-28,28.688913676874527,94.09826238099092
2019-01-29,30.204808920541634,7.413711890765717
2019-01-30,29.990859001410062,59.61364824822041
2019-01-31,33.749314321729784,93.66699195374375
2019-02-01,30.296683471695367,85.34430572727489
2019-02-02,28.56503336777506,31.55023125497123
2019-02-03,32.69756292065892,47.00731993705328
2019-02-04,28.690006637163727,80.77512055589304
2019-02-05,32.39356358053018,4.232605913902166
2019-02-06,29.50438813299284,2.0634221453434964
2019-02-07,30.946529941835692,38.04145411642603
2019-02-08,30.7517922732559,84.37407448847462
